"filename","year","date","net_oil","net_lpg","net_total"
"thaanakngthun_chud_2_tameplate_58-04-19.pdf","2558",2015-04-19,34071,6547,40618
"thaanakngthun_chud_2_tameplate_58-04-26_3.pdf","2558",2015-04-26,34550,6592,41142
"thaanakngthun_chud_2_tameplate_58-05-03.pdf","2558",2015-05-03,34983,6735,41718
"thaanakngthun_chud_2_tameplate_58-05-10.pdf","2558",2015-05-10,35049,6780,41829
"thaanakngthun_chud_2_tameplate_58-05-17.pdf","2558",2015-05-17,35036,6909,41945
"thaanakngthun_chud_2_tameplate_58-05-24.pdf","2558",2015-05-24,35047,6944,41990
"thaanakngthun_chud_2_tameplate_58-05-31.pdf","2558",2015-05-31,35057,6963,42020
"thaanakngthun_chud_2_tameplate_58-06-07.pdf","2558",2015-06-07,35063,6999,42062
"thaanakngthun_chud_2_tameplate_58-06-14.pdf","2558",2015-06-14,35086,7071,42157
"thaanakngthun_chud_2_tameplate_58-06-21.pdf","2558",2015-06-21,35136,7328,42464
"thaanakngthun_chud_2_tameplate_58-06-28.pdf","2558",2015-06-28,35150,7395,42545
"thaanakngthun_chud_2_tameplate_58-07-05.pdf","2558",2015-07-05,35157,7454,42611
"thaanakngthun_chud_2_tameplate_58-07-12.pdf","2558",2015-07-12,35165,7511,42676
"thaanakngthun_chud_2_tameplate_58-07-19.pdf","2558",2015-07-19,35167,7692,42859
"thaanakngthun_chud_2_tameplate_58-07-26.pdf","2558",2015-07-26,35171,7742,42912
"thaanakngthun_chud_2_tameplate_58-08-02.pdf","2558",2015-08-02,35175,7816,42991
"thaanakngthun_chud_2_tameplate_58-08-09.pdf","2558",2015-08-09,35178,7828,43006
"thaanakngthun_chud_2_tameplate_58-08-16.pdf","2558",2015-08-16,35254,8016,43270
"thaanakngthun_chud_2_tameplate_58-08-23.pdf","2558",2015-08-23,35261,8059,43320
"thaanakngthun_chud_2_tameplate_58-08-30.pdf","2558",2015-08-30,35255,8095,43350
"thaanakngthun_chud_2_tameplate_58-09-06.pdf","2558",2015-09-06,35288,8164,43452
"thaana_58-09-13.pdf","2558",2015-09-13,35423,8197,43620
"thaanakngthun_chud_2_tameplate_58-09-20.pdf","2558",2015-09-20,35393,8217,43610
"thaanakngthun_chud_2_tameplate_58-09-27.pdf","2558",2015-09-27,35391,8221,43612
"thaanakngthun_chud_2_tameplate_58-10-04.pdf","2558",2015-10-04,35366,8254,43620
"thaanakngthun_chud_2_tameplate_58-10-11.pdf","2558",2015-10-11,35307,8199,43506
"thaanakngthun_chud_2_tameplate_58-10-18.pdf","2558",2015-10-18,35295,8183,43478
"thaanakngthun_chud_2_tameplate_58-10-25.pdf","2558",2015-10-25,35254,8148,43402
"thaanakngthun_chud_2_tameplate_58-11-01.pdf","2558",2015-11-01,35224,8135,43359
"thaanakngthun_chud_2_tameplate_58-11-08.pdf","2558",2015-11-08,35182,8080,43262
"thaanakngthun_chud_2_tameplate_58-11-15.pdf","2558",2015-11-15,35178,8071,43249
"thaanakngthun_chud_2_tameplate_58-11-22.pdf","2558",2015-11-22,35176,8011,43187
"thaanakngthun_chud_2_tameplate_58-11-29.pdf","2558",2015-11-29,35142,7937,43079
"thaanakngthun_chud_2_tameplate_58-12-06.pdf","2558",2015-12-06,35109,7854,42963
"thaanakngthun_chud_2_tameplate_58-12-11.pdf","2558",2015-12-13,35101,7732,42833
"thaanakngthun_chud_2_tameplate_58-12-20.pdf","2558",2015-12-20,35014,7607,42621
"thaanakngthun_chud_2_tameplate_58-12-27.pdf","2558",2015-12-27,35122,7495,42617
"thaanakngthun_chud_2_tameplate_59-01-03.pdf","2559",2016-01-03,35129,7362,42491
"thaanakngthun_chud_2_tameplate_59-01-10.pdf","2559",2016-01-10,35044,7293,42337
"thaanakngthun_chud_2_tameplate_59-01-17.pdf","2559",2016-01-17,34944,7281,42225
"thaanakngthun_chud_2_tameplate_59-01-24.pdf","2559",2016-01-24,35182,7287,42469
"thaanakngthun_chud_2_tameplate_59-01-31.pdf","2559",2016-01-31,35428,7291,42719
"thaanakngthun_chud_2_tameplate_59-02-07_0.pdf","2559",2016-02-07,35716,7260,42976
"59-02-14.pdf","2559",2016-02-14,35846,7238,43084
"thaanakngthun_chud_2_tameplate_59-02-21.pdf","2559",2016-02-21,36179,7235,43414
"thaanakngthun_chud_2_tameplate_59-02-28.pdf","2559",2016-02-28,36432,7188,43620
"thaanakngthun_chud_2_tameplate_59-03-06.pdf","2559",2016-03-06,36770,7174,43944
"thaanakngthun_chud_2_tameplate_59-03-13.pdf","2559",2016-03-13,37022,7132,44154
"thaanakngthun_chud_2_tameplate_59-03-20.pdf","2559",2016-03-20,37263,7278,44541
"thaanakngthun_chud_2_tameplate_59-03-27.pdf","2559",2016-03-27,37291,7244,44535
"thaanakngthun_chud_2_tameplate_59-04-03.pdf","2559",2016-04-03,37294,7213,44507
"thaanakngthun_chud_2_tameplate_59-04-10.pdf","2559",2016-04-10,37346,7197,44543
"thaanakngthun_chud_2_tameplate_59-04-17.pdf","2559",2016-04-17,37234,7496,44730
"thaanakngthun_chud_2_tameplate_59-04-24.pdf","2559",2016-04-24,37378,7515,44893
"thaanakngthun_chud_2_tameplate_59-05-01.pdf","2559",2016-05-01,37192,7623,44815
"thaanakngthun_chud_2_tameplate_59-05-08.pdf","2559",2016-05-08,37253,7602,44855
"thaanakngthun_chud_2_tameplate_59-05-15.pdf","2559",2016-05-15,37330,7618,44948
"thaanakngthun_chud_2_tameplate_59-05-22.pdf","2559",2016-05-22,37306,7551,44857
"thaanakngthun_chud_2_tameplate_59-05-29.pdf","2559",2016-05-29,37339,7504,44843
"thaanakngthun_chud_2_tameplate_59-06-05.pdf","2559",2016-06-05,37371,7481,44852
"thaanakngthun_chud_2_tameplate_59-06-12.pdf","2559",2016-06-12,37356,7419,44775
"thaanakngthun_chud_2_tameplate_59-06-19.pdf","2559",2016-06-19,37358,7234,44592
"thaanakngthun_chud_2_tameplate_59-06-26.pdf","2559",2016-06-26,37339,7179,44518
"thaanakngthun_chud_2_tameplate_59-07-03.pdf","2559",2016-07-03,37333,7128,44461
"thaanakngthun_chud_2_tameplate_59-07-10.pdf","2559",2016-07-10,37328,7122,44450
"thaanakngthun_chud_2_tameplate_59-07-17.pdf","2559",2016-07-17,37239,7124,44363
"thaanakngthun_chud_2_tameplate_59-07-24.pdf","2559",2016-07-24,37185,7143,44328
"thaanakngthun_chud_2_tameplate_59-07-31.pdf","2559",2016-07-31,37120,7148,44268
"thaanakngthun_chud_2_tameplate_59-08-07_0.pdf","2559",2016-08-07,37053,7175,44228
"thaanakngthun_chud_2_tameplate_59-08-14.pdf","2559",2016-08-14,37046,7202,44248
"thaanakngthun_chud_2_tameplate_59-08-21.pdf","2559",2016-08-21,37072,7277,44349
"thaanakngthun_chud_2_tameplate_58-08-28.pdf","2559",2016-08-28,34336,7385,41721
"thaanakngthun_chud_2_tameplate_59-09-04.pdf","2559",2016-09-04,34296,7411,41707
"thaanakngthun_chud_2_tameplate_59-09-11.pdf","2559",2016-09-11,34334,7446,41780
"59-09-18cashoil.pdf","2559",2016-09-18,34310,7452,41762
"thaana_59-09-25-_snph_003.pdf","2559",2016-09-25,34263,7461,41724
"thaanakngthun_chud_2_tameplate_59-10-02.pdf","2559",2016-10-02,34228,7462,41690
"thaanakngthun_chud_2_tameplate_59-10-09.pdf","2559",2016-10-09,34180,7451,41631
"thaanakngthun_chud_2_tameplate_59-10-16.pdf","2559",2016-10-16,34117,7510,41627
"thaanakngthun_chud_2_tameplate_59-10-23.pdf","2559",2016-10-23,34104,7539,41643
"thaanakngthun_chud_2_tameplate_59-10-30.pdf","2559",2016-10-30,34069,7574,41643
"thaanakngthun_chud_2_tameplate_59-11-06.pdf","2559",2016-11-06,34012,7595,41607
"thaanakngthun_chud_2_tameplate_59-11-13.pdf","2559",2016-11-13,33980,7566,41546
"thaanakngthun_chud_2_tameplate_59-11-20.pdf","2559",2016-11-20,33976,7500,41476
"thaanakngthun_chud_2_tameplate_59-11-27.pdf","2559",2016-11-27,33930,7475,41405
"thaanakngthun_chud_2_tameplate_59-12-04.pdf","2559",2016-12-04,33914,7460,41374
"thaanakngthun_chud_2_tameplate_59-12-11.pdf","2559",2016-12-11,33850,7435,41285
"thaanakngthun_chud_2_tameplate_59-12-18.pdf","2559",2016-12-18,33828,7420,41248
"thaanakngthun_chud_2_tameplate_59-12-25.pdf","2559",2016-12-25,33784,7396,41180
"thaanakngthun_chud_2_tameplate_60-01-01.pdf","2560",2017-01-01,33754,7382,41136
"thaanakngthun_chud_2_tameplate_60-01-08.pdf","2560",2017-01-08,33708,7361,41069
"thaanakngthun_chud_2_tameplate_60-01-15.pdf","2560",2017-01-15,33688,7343,41031
"thaanakngthun_chud_2_tameplate_60-01-22.pdf","2560",2017-01-22,33629,7237,40866
"thaanakngthun_chud_2_tameplate_60-01-29.pdf","2560",2017-01-29,33598,7120,40718
"thaanakngthun_chud_2_tameplate_60-02-05.pdf","2560",2017-02-05,33596,7039,40635
"thaanakngthun_chud_2_tameplate_60-02-12.pdf","2560",2017-02-12,33544,6948,40492
"thaanakngthun_chud_2_tameplate_60-02-19.pdf","2560",2017-02-19,33493,7068,40561
"thaanakngthun_chud_2_tameplate_60-02-26.pdf","2560",2017-02-26,33462,6961,40423
"thaanakngthun_chud_2_tameplate_60-03-05.pdf","2560",2017-03-05,33414,6840,40254
"thaanakngthun_chud_2_tameplate_60-03-12.pdf","2560",2017-03-12,33381,6736,40117
"thaanakngthun_chud_2_tameplate_60-03-19.pdf","2560",2017-03-19,33363,6668,40031
"thaanakngthun_chud_2_tameplate_60-03-26.pdf","2560",2017-03-26,33686,6618,40304
"thaanakngthun_chud_2_tameplate_60-04-02.pdf","2560",2017-04-02,33641,6514,40155
"thaana_60-04-09-_snph.pdf","2560",2017-04-09,33568,6445,40013
"thaanakngthun_chud_2_tameplate_60-04-16.pdf","2560",2017-04-16,33645,6420,40065
"thaanakngthun_chud_2_tameplate_60-04-23.pdf","2560",2017-04-23,33647,6444,40091
"thaanakngthun_chud_2_tameplate_60-04-30.pdf","2560",2017-04-30,33593,6422,40015
"thaanakngthun_chud_2_tameplate_60-05-07.pdf","2560",2017-05-07,33540,6421,39961
"thaanakngthun_chud_2_tameplate_60-05-14.pdf","2560",2017-05-14,33528,6424,39952
"thaanakngthun_chud_2_tameplate_60-05-21.pdf","2560",2017-05-21,33533,6425,39958
"thaanakngthun_chud_2_tameplate_60-05-28.pdf","2560",2017-05-28,33513,6429,39942
"thaanakngthun_chud_2_tameplate_60-06-04.pdf","2560",2017-06-04,33488,6430,39918
"thaanakngthun_chud_2_tameplate_60-06-11.pdf","2560",2017-06-11,33408,6430,39838
"thaanakngthun_chud_2_tameplate_60-06-18.pdf","2560",2017-06-18,33314,6430,39744
"thaanakngthun_chud_2_tameplate_60-06-25.pdf","2560",2017-06-25,33296,6431,39727
"thaanakngthun_chud_2_tameplate_60-07-02.pdf","2560",2017-07-02,33221,6448,39669
"thaanakngthun_chud_2_tameplate_60-07-09.pdf","2560",2017-07-09,33197,6464,39661
"thaanakngthun_chud_2_tameplate_60-07-16.pdf","2560",2017-07-16,33167,6504,39671
"thaanakngthun_chud_2_tameplate_60-07-23.pdf","2560",2017-07-23,33095,6532,39627
"thaanakngthun_chud_2_tameplate_60-07-30_0.pdf","2560",2017-07-30,33036,6367,39403
"thaanakngthun_chud_2_tameplate_60-08-06.pdf","2560",2017-08-06,32975,6314,39289
"thaanakngthun_chud_2_tameplate_60-08-13.pdf","2560",2017-08-13,32917,6191,39108
"thaanakngthun_chud_2_tameplate_60-08-20.pdf","2560",2017-08-20,32857,6072,38929
"thaanakngthun_chud_2_tameplate_60-08-27.pdf","2560",2017-08-27,32835,5971,38806
"thaanakngthun_chud_2_tameplate_60-09-03.pdf","2560",2017-09-03,32773,5859,38632
"thaanakngthun_chud_2_tameplate_60-09-10.pdf","2560",2017-09-10,32712,5655,38367
"thaanakngthun_chud_2_tameplate_60-09-17.pdf","2560",2017-09-17,32699,5566,38265
"thaanakngthun_chud_2_tameplate_60-09-24.pdf","2560",2017-09-24,32663,5445,38108
"thaanakngthun_chud_2_tameplate_60-10-01.pdf","2560",2017-10-01,32622,5342,37964
"thaanakngthun_chud_2_tameplate_60-10-08.pdf","2560",2017-10-08,32558,5176,37734
"thaanakngthun_chud_2_tameplate_60-10-15.pdf","2560",2017-10-15,32384,5148,37532
"thaanakngthun_chud_2_tameplate_60-10-22.pdf","2560",2017-10-22,32325,4939,37264
"thaanakngthun_chud_2_tameplate_60-10-29.pdf","2560",2017-10-29,32230,4649,36879
"thaanakngthun_chud_2_tameplate_60-11-05.pdf","2560",2017-11-05,32186,4499,36685
"thaanakngthun_chud_2_tameplate_60-11-12.pdf","2560",2017-11-12,32111,4253,36364
"thaanakngthun_chud_2_tameplate_60-11-19_0.pdf","2560",2017-11-19,32061,4070,36131
"thaanakngthun_chud_2_tameplate_60-11-26.pdf","2560",2017-11-26,32015,3857,35872
"thaanakngthun_chud_2_tameplate_60-12-03.pdf","2560",2017-12-03,31951,3638,35589
"thaanakngthun_chud_2_tameplate_60-12-10.pdf","2560",2017-12-10,31887,3419,35306
"thaanakngthun_chud_2_tameplate_60-12-17_2.pdf","2560",2017-12-17,31824,3593,35417
"thaana_60-12-24-_snph.pdf","2560",2017-12-24,31830,3548,35378
"thaanakngthun_chud_2_tameplate_60-12-31.pdf","2560",2017-12-31,31776,3311,35087
"thaanakngthun_chud_2_tameplate_61-01-07.pdf","2561",2018-01-07,31712,3102,34814
"thaanakngthun_chud_2_tameplate_61-01-14.pdf","2561",2018-01-14,31660,2903,34563
"thaanakngthun_chud_2_tameplate_61-01-21.pdf","2561",2018-01-21,31591,3140,34731
"thaanakngthun_chud_2_tameplate_61-01-28.pdf","2561",2018-01-28,31525,2847,34372
"thaanakngthun_chud_2_tameplate_61-02-04.pdf","2561",2018-02-04,31458,2593,34051
"thaanakngthun_chud_2_tameplate_61-02-11.pdf","2561",2018-02-11,31380,2351,33731
"thaanakngthun_chud_2_tameplate_61-02-18.pdf","2561",2018-02-18,31301,2768,34069
"thaanakngthun_chud_2_tameplate_61-02-25.pdf","2561",2018-02-25,31230,2564,33794
"thaanakngthun_chud_2_tameplate_61-03-04.pdf","2561",2018-03-04,31153,2353,33506
"thaanakngthun_chud_2_tameplate_61-03-11.pdf","2561",2018-03-11,31083,2153,33236
"thaanakngthun_chud_2_tameplate_61-03-18.pdf","2561",2018-03-18,31045,2053,33098
"thaanakngthun_chud_2_tameplate_61-03-25.pdf","2561",2018-03-25,31004,1892,32896
"thaanakngthun_chud_2_tameplate_61-04-01.pdf","2561",2018-04-01,30986,1741,32727
"thaanakngthun_chud_2_tameplate_61-04-08_0.pdf","2561",2018-04-08,30915,1600,32515
"thaanakngthun_chud_2_tameplate_61-04-15.pdf","2561",2018-04-15,30880,1442,32322
"thaana_61-04-22_snph.pdf","2561",2018-04-22,30803,1275,32078
"thaanakngthun_chud_2_tameplate_61-04-29.pdf","2561",2018-04-29,30735,1130,31865
"thaana_61-05-06.pdf","2561",2018-05-06,30659,1047,31706
"thaanakngthun_chud_2_tameplate_61-05-13.pdf","2561",2018-05-13,30582,998,31580
"thaanakngthun_chud_2_tameplate_61-05-20_snph_pphniiorngklan_sinem.y.61.pdf","2561",2018-05-20,30505,551,31056
"thaanakngthun_chud_2_tameplate_61-05-27.pdf","2561",2018-05-27,30448,591,31039
"thaanakngthun_chud_2_tameplate_61-06-03.pdf","2561",2018-06-03,30376,493,30869
"thaanakngthun_chud_2_tameplate_61-06-10.pdf","2561",2018-06-10,30305,392,30697
"thaanakngthun_chud_2_tameplate_61-06-17.pdf","2561",2018-06-17,30334,341,30675
"thaanakngthun_chud_2_tameplate_61-06-24_0.pdf","2561",2018-06-24,30179,173,30352
"thaanakngthun_chud_2_tameplate_61-07-01.pdf","2561",2018-07-01,30143,99,30242
"thaanakngthun_chud_2_tameplate_61-07-08.pdf","2561",2018-07-08,29909,10,29919
"thaanakngthun_chud_2_tameplate_62-09-15.pdf","2562",2019-09-15,45113,-5711,39402
"thaanakngthun_chud_2_tameplate_62-09-22.pdf","2562",2019-09-22,44483,-5629,38854
"thaanakngthun_chud_2_tameplate_62-09-29.pdf","2562",2019-09-29,44327,-5579,38748
"thaanakngthun_chud_2_tameplate_62-10-13.pdf","2562",2019-10-13,44228,-5523,38705
"thaanakngthun_chud_2_tameplate_62-11-03.pdf","2562",2019-11-03,43721,-5081,38640
"thaanakngthun_chud_2_tameplate_62-11-10.pdf","2562",2019-11-10,43671,-5077,38594
"thaanakngthun_chud_2_tameplate_62-11-17.pdf","2562",2019-11-17,43662,-5068,38594
"thaanakngthun_chud_2_tameplate_62-11-24.pdf","2562",2019-11-24,43642,-5053,38589
"thaanakngthun_chud_2_tameplate_62-12-01.pdf","2562",2019-12-01,43580,-5019,38561
"thaanakngthun_chud_2_tameplate_62-12-08.pdf","2562",2019-12-08,43530,-5007,38523
"thaanakngthun_chud_2_tameplate_62-12-15.pdf","2562",2019-12-15,43471,-4995,38476
"thaanakngthun_chud_2_tameplate_62-12-22.pdf","2562",2019-12-22,43423,-4998,38425
"thaanakngthun_chud_2_tameplate_63-01-05_2.pdf","2563",2020-01-05,42592,-5214,37378
"thaanakngthun_chud_2_tameplate_63-01-12.pdf","2563",2020-01-12,42193,-5237,36956
"thaanakngthun_chud_2_tameplate_63-01-19.pdf","2563",2020-01-19,42197,-5279,36918
"thaanakngthun_chud_2_tameplate_63-02-02.pdf","2563",2020-02-02,42014,-5369,36645
"thaanakngthun_chud_2_tameplate_63-02-09.pdf","2563",2020-02-09,41908,-5450,36458
"thaanakngthun_chud_2_tameplate_63-02-16.pdf","2563",2020-02-16,41726,-5480,36246
"thaanakngthun_chud_2_tameplate_63-02-23.pdf","2563",2020-02-23,41563,-5516,36047
"thaanakngthun_chud_2_tameplate_63-03-01.pdf","2563",2020-03-01,41587,-5511,36076
"thaanakngthun_chud_2_tameplate_63-03-08.pdf","2563",2020-03-08,41699,-5503,36196
"thaanakngthun_chud_2_tameplate_63-03-15.pdf","2563",2020-03-15,41840,-5490,36350
"thaanakngthun_chud_2_tameplate_63-03-22.pdf","2563",2020-03-22,42038,-5469,36569
"thaanakngthun_chud_2_tameplate_63-03-29.pdf","2563",2020-03-29,41938,-5561,36377
"thaanakngthun_chud_2_tameplate_63-04-12.pdf","2563",2020-04-12,41837,-5688,36149
"thaanakngthun_chud_2_tameplate_63-04-19.pdf","2563",2020-04-19,41740,-5782,35958
"thaanakngthun_chud_2_tameplate_63-04-26.pdf","2563",2020-04-26,41674,-5901,35773
"thaanakngthun_chud_2_tameplate_63-05-03.pdf","2563",2020-05-03,41465,-6010,35455
"thaanakngthun_chud_2_tameplate_63-05-10.pdf","2563",2020-05-10,41395,-6103,35292
"thaanakngthun_chud_2_tameplate_63-05-17.pdf","2563",2020-05-17,41358,-6182,35176
"thaanakngthun_chud_2_tameplate_63-05-24.pdf","2563",2020-05-24,41107,-6246,34861
"thaanakngthun_chud_2_tameplate_63-05-31.pdf","2563",2020-05-31,40966,-6248,34718
"thaanakngthun_chud_2_tameplate_63-06-07.pdf","2563",2020-06-07,40852,-6304,34548
"thaanakngthun_chud_2_tameplate_63-06-14.pdf","2563",2020-06-14,40735,-6371,34364
"thaanakngthun_chud_2_tameplate_63-06-21.pdf","2563",2020-06-21,40617,-6418,34199
"thaanakngthun_chud_2_tameplate_63-06-28.pdf","2563",2020-06-28,40356,-6535,33821
"thaanakngthun_chud_2_tameplate_63-07-05.pdf","2563",2020-07-05,40243,-6615,33628
"thaanakngthun_chud_2_tameplate_63-07-12.pdf","2563",2020-07-12,40142,-6696,33446
"thaanakngthun_chud_2_tameplate_63-07-19.pdf","2563",2020-07-19,40017,-6792,33225
"thaanakngthun_chud_2_tameplate_63-07-26.pdf","2563",2020-07-26,39904,-6888,33016
"thaanakngthun_chud_2_tameplate_63-08-02.pdf","2563",2020-08-02,39876,-6920,32956
"thaanakngthun_chud_2_tameplate_63-08-09.pdf","2563",2020-08-09,39761,-6968,32793
"thaanakngthun_chud_2_tameplate_63-08-16.pdf","2563",2020-08-16,39714,-7051,32663
"thaanakngthun_chud_2_tameplate_63-08-23.pdf","2563",2020-08-23,39667,-7145,32522
"thaanakngthun_chud_2_tameplate_63-08-30.pdf","2563",2020-08-30,39536,-7234,32302
"thaanakngthun_chud_2_tameplate_63-09-06.pdf","2563",2020-09-06,39424,-7322,32102
"thaanakngthun_chud_2_tameplate_63-09-13.pdf","2563",2020-09-13,39307,-7427,31880
"thaanakngthun_chud_2_tameplate_63-09-20.pdf","2563",2020-09-20,39239,-7532,31707
"thaanakngthun_chud_2_tameplate_63-09-27.pdf","2563",2020-09-27,39106,-7637,31469
"thaanakngthun_chud_2_tameplate_63-10-04.pdf","2563",2020-10-04,39003,-7734,31269
"thaanakngthun_chud_2_tameplate_63-10-11.pdf","2563",2020-10-11,38838,-7844,30994
"thaanakngthun_chud_2_tameplate_63-10-18.pdf","2563",2020-10-18,38674,-7956,30718
"thaanakngthun_chud_2_tameplate_63-10-25.pdf","2563",2020-10-25,38266,-7981,30285
"thaanakngthun_chud_2_tameplate_63-11-01.pdf","2563",2020-11-01,38048,-8131,29917
"thaanakngthun_chud_2_tameplate_63-11-08_0.pdf","2563",2020-11-08,37872,-8253,29619
"thaanakngthun_chud_2_tameplate_63-11-15.pdf","2563",2020-11-15,37715,-8366,29349
"thaanakngthun_chud_2_tameplate_63-11-22.pdf","2563",2020-11-22,37530,-8487,29043
"thaanakngthun_chud_2_tameplate_63-11-29.pdf","2563",2020-11-29,37339,-8603,28736
"thaanakngthun_chud_2_tameplate_63-12-06.pdf","2563",2020-12-06,37175,-8701,28474
"thaanakngthun_chud_2_tameplate_63-12-13.pdf","2563",2020-12-13,36959,-8820,28139
"thaanakngthun_chud_2_tameplate_63-12-20.pdf","2563",2020-12-20,36760,-8963,27797
"thaanakngthun_chud_2_tameplate_63-12-27.pdf","2563",2020-12-27,36588,-9107,27481
"thaanakngthun_chud_2_tameplate_64-01-03_1.pdf","2564",2021-01-03,36353,-9271,27082
"thaanakngthun_chud_2_tameplate_64-01-10_0.pdf","2564",2021-01-10,36268,-9345,26923
"thaanakngthun_chud_2_tameplate_64-01-17.pdf","2564",2021-01-17,36042,-9528,26514
"thaanakngthun_chud_2_tameplate_64-01-24.pdf","2564",2021-01-24,35845,-9677,26168
"ฐานะกองทุน ชุด 2 (tameplate) 64-01-31.pdf","2564",2021-01-31,35683,-9879,25804
"ฐานะกองทุน ชุด 2 (tameplate) 64-02-07.pdf","2564",2021-02-07,35589,-10069,25520
"ฐานะกองทุน ชุด 2 (tameplate) 64-02-14.pdf","2564",2021-02-14,35416,-10277,25139
"ฐานะกองทุน ชุด 2 (tameplate) 64-02-21.pdf","2564",2021-02-21,35268,-10479,24789
"ฐานะกองทุน ชุด 2 (tameplate) 64-02-28.pdf","2564",2021-02-28,35105,-10663,24442
"ฐานะกองทุน ชุด 2 (tameplate) 64-03-07.pdf","2564",2021-03-07,34929,-10848,24081
"ฐานะกองทุน ชุด 2 (tameplate) 64-03-14.pdf","2564",2021-03-14,34738,-10995,23743
"ฐานะกองทุน ชุด 2 (tameplate) 64-03-21.pdf","2564",2021-03-21,34551,-11165,23386
"ฐานะกองทุน ชุด 2 (tameplate) 64-03-28.pdf","2564",2021-03-28,34338,-11332,23006
"ฐานะกองทุน ชุด 2 (tameplate) 64-04-04.pdf","2564",2021-04-04,34115,-11514,22601
"ฐานะกองทุน ชุด 2 (tameplate) 64-04-18.pdf","2564",2021-04-18,33637,-11858,21779
"ฐานะกองทุน ชุด 2 (tameplate) 64-05-02.pdf","2564",2021-05-02,33213,-12181,21032
"ฐานะกองทุน ชุด 2 (tameplate) 64-05-30.pdf","2564",2021-05-30,32248,-12820,19428
"ฐานะกองทุน ชุด 2 (tameplate) 64-06-06.pdf","2564",2021-06-06,32075,-12997,19078
"ฐานะกองทุน ชุด 2 (tameplate) 64-06-13.pdf","2564",2021-06-13,31926,-13161,18765
"ฐานะกองทุน ชุด 2 (tameplate) 64-06-20.pdf","2564",2021-06-20,31747,-13374,18373
"ฐานะกองทุน ชุด 2 (tameplate) 64-06-27.pdf","2564",2021-06-27,31559,-13587,17972
"ฐานะกองทุน ชุด 2 (tameplate) 64-07-04.pdf","2564",2021-07-04,31380,-13832,17548
"ฐานะกองทุน ชุด 2 (tameplate) 64-07-18.pdf","2564",2021-07-18,30979,-14298,16681
"Copy of ฐานะกองทุน ส่ง สนพ 64-09-19.pdf","2564",2021-09-19,29040,-17183,11857
"ฐานะกองทุน ส่ง สนพ 64-10-03.pdf","2564",2021-10-03,28732,-17762,10970
"ฐานะกองทุน ส่ง สนพ 64-10-10.pdf","2564",2021-10-10,28281,-18046,10235
"ฐานะกองทุน 64-10-24.pdf","2564",2021-10-24,26731,-18587,8144
"ฐานะกองทุน ส่ง สนพ 64-11-07.pdf","2564",2021-11-07,25254,-19346,5908
"ฐานะกองทุน 64-11-21.pdf","2564",2021-11-21,23356,-20400,2956
"ฐานะกองทุน  64-11-28.pdf","2564",2021-11-28,22400,-20974,1426
"ฐานะกองทุน  64-12-05.pdf","2564",2021-12-05,21479,-21410,69
"ฐานะกองทุน 64-12-19.pdf","2564",2021-12-19,19223,-22295,-3072
"ฐานะกองทุน 65-01-02_6.pdf","2565",2022-01-02,17233,-23178,-5945
"ฐานะกองทุน  65-01-09.pdf","2565",2022-01-09,16237,-23564,-7327
"ฐานะกองทุน 65-01-16.pdf","2565",2022-01-16,15340,-24122,-8782
"ฐานะกองทุน 65-01-23 _4.pdf","2565",2022-01-23,11828,-24163,-12335
"ฐานะกองทุน  65-01-30.pdf","2565",2022-01-30,10589,-24669,-14080
"ฐานะกองทุนพ 65-02-06.pdf","2565",2022-02-06,9166,-25218,-16052
"ฐานะกองทุน ส่ง สนพ 65-02-20.pdf","2565",2022-02-20,6172,-26336,-20164
"ฐานะกองทุน 65-02-27 .pdf","2565",2022-02-27,4988,-26826,-21838
"ฐานะกองทุน 65-03-06_0.pdf","2565",2022-03-06,3459,-27445,-23986
"ฐานะกองทุน 65-03-13.pdf","2565",2022-03-13,-1243,-28093,-29336
"ฐานะกองทุน 65-03-20.pdf","2565",2022-03-20,-4028,-28803,-32831
"ฐานะกองทุน  65-03-27.pdf","2565",2022-03-27,-8224,-29368,-37592
"ฐานะกองทุน 65-04-03.pdf","2565",2022-04-03,-12327,-30080,-42407
"ฐานะกองทุน 65-04-10.pdf","2565",2022-04-10,-16072,-30679,-46751
"ฐานะกองทุน 65-04-17.pdf","2565",2022-04-17,-19332,-31282,-50614
"ฐานะกองทุน 65-04-24.pdf","2565",2022-04-24,-24302,-31976,-56278
"ฐานะกองทุน 65-05-01.pdf","2565",2022-05-01,-28217,-32776,-60993
"ฐานะกองทุน 65-05-08.pdf","2565",2022-05-08,-33258,-33423,-66681
"ฐานะกองทุน 65-05-15.pdf","2565",2022-05-15,-37854,-34208,-72062
"ฐานะกองทุน 65-05-22_0.pdf","2565",2022-05-22,-41419,-34872,-76291
"ฐานะกองทุน 65-05-29.pdf","2565",2022-05-29,-45968,-35427,-81395
"ฐานะกองทุน ส่ง สนพ 65-06-05.pdf","2565",2022-06-05,-50147,-35881,-86028
"ฐานะกองทุน 65-06-12.pdf","2565",2022-06-12,-54574,-36515,-91089
"ฐานะกองทุน 65-06-19.pdf","2565",2022-06-19,-59692,-36906,-96598
"ฐานะกองทุน 65-06-26.pdf","2565",2022-06-26,-65202,-37384,-102586
"ฐานะกองทุน 65-07-03_0.pdf","2565",2022-07-03,-69718,-37883,-107601
"ฐานะกองทุน 65-07-10.pdf","2565",2022-07-10,-72534,-38383,-110917
"ฐานะกองทุน 65-07-17.pdf","2565",2022-07-17,-74162,-38773,-112935
"ฐานะกองทุน 65-07-24.pdf","2565",2022-07-24,-75573,-39472,-115045
"ฐานะกองทุน 65-07-31.pdf","2565",2022-07-31,-76480,-39797,-116277
"ฐานะกองทุน 65-08-07.pdf","2565",2022-08-07,-76784,-40445,-117229
"ฐานะกองทุน 65-08-14.pdf","2565",2022-08-14,-76518,-40876,-117394
"ฐานะกองทุน 65-08-21.pdf","2565",2022-08-21,-76741,-41269,-118010
"ฐานะกองทุน 65-08-28.pdf","2565",2022-08-28,-78301,-41463,-119764
"ฐานะกองทุน  65-09-04.pdf","2565",2022-09-04,-80343,-41871,-122214
"ฐานะกองทุน 65-09-11_0.pdf","2565",2022-09-11,-82534,-42067,-124601
"ฐานะกองทุน 65-09-18.pdf","2565",2022-09-18,-83002,-42346,-125348
"ฐานะกองทุน 65-09-25.pdf","2565",2022-09-25,-82674,-42542,-125216
"ฐานะกองทุน 65-10-02 เบิกจ่ายเงินเรี่ยไรงวด 1 ครบ.pdf","2565",2022-10-02,-82046,-42234,-124280
"ฐานะกองทุน 65-10-09 รับเงินเรี่ยไร งวด 2.pdf","2565",2022-10-09,-82666,-42413,-125079
"ฐานะกองทุน 65-10-16.pdf","2565",2022-10-16,-84126,-42564,-126690
"ฐานะกองทุน 65-10-23.pdf","2565",2022-10-23,-85587,-42766,-128353
"ฐานะกองทุน  65-10-30.pdf","2565",2022-10-30,-86781,-42920,-129701
"ฐานะกองทุน 65-11-06.pdf","2565",2022-11-06,-87873,-43109,-130982
"ฐานะกองทุน 65-11-13 เริ่มมีหนี้เงินกู้.pdf","2565",2022-11-13,-89329,-43403,-132732
"ฐานะกองทุน 65-11-20.pdf","2565",2022-11-20,-89698,-43707,-133405
"ฐานะกองทุน 65-11-27-เริ่มรวมหนี้เงินกู้ในฐานะกองทุน.pdf","2565",2022-11-27,-88788,-43883,-132671
"ฐานะกองทุน  65-12-04.pdf","2565",2022-12-04,-87237,-44189,-131426
"ฐานะกองทุน  65-12-11.pdf","2565",2022-12-11,-83713,-43624,-127337
"ฐานะกองทุน 65-12-18.pdf","2565",2022-12-18,-81098,-43875,-124973
"ฐานะกองทุน 65-12-25.pdf","2565",2022-12-25,-79042,-44113,-123155
"ฐานะกองทุน 66-01-01.pdf","2566",2023-01-01,-77191,-44300,-121491
"ฐานะกองทุน 66-01-08.pdf","2566",2023-01-08,-75214,-44557,-119771
"ฐานะกองทุน 66-01-15.pdf","2566",2023-01-15,-72089,-44794,-116883
"ฐานะกองทุน 66-01-22.pdf","2566",2023-01-22,-69448,-44963,-114411
"ฐานะกองทุน 66-01-29.pdf","2566",2023-01-29,-68133,-45303,-113436
"ฐานะกองทุน  66-02-05.pdf","2566",2023-02-05,-65896,-45513,-111409
"ฐานะกองทุน 66-02-12.pdf","2566",2023-02-12,-62895,-45715,-108610
"ฐานะกองทุน 66-02-19.pdf","2566",2023-02-19,-60253,-45881,-106134
"ฐานะกองทุน 66-02-26.pdf","2566",2023-02-26,-57917,-46095,-104012
"ฐานะกองทุน 66-03-05.pdf","2566",2023-03-05,-55468,-46218,-101686
"ฐานะกองทุน 66-03-12.pdf","2566",2023-03-12,-53290,-46372,-99662
"ฐานะกองทุน 66-03-19.pdf","2566",2023-03-19,-50609,-46596,-97205
"ฐานะกองทุน 66-03-26.pdf","2566",2023-03-26,-47715,-46756,-94471
"ฐานะกองทุน 66-04-02_0.pdf","2566",2023-04-02,-45008,-46860,-91868
"ฐานะกองทุน 66-04-09.pdf","2566",2023-04-09,-42921,-46879,-89800
"ฐานะกองทุน 66-04-16.pdf","2566",2023-04-16,-41232,-46884,-88116
"ฐานะกองทุน 66-04-23.pdf","2566",2023-04-23,-38749,-46837,-85586
"ฐานะกองทุน 66-04-30.pdf","2566",2023-04-30,-35822,-46790,-82612
"ฐานะกองทุน 66-05-07.pdf","2566",2023-05-07,-32581,-46746,-79327
"ฐานะกองทุน 66-05-14.pdf","2566",2023-05-14,-29059,-46694,-75753
"ฐานะกองทุน 66-05-21-o.pdf","2566",2023-05-21,-26111,-46620,-72731
"ฐานะกองทุน 66-05-28.pdf","2566",2023-05-28,-22920,-46507,-69427
"ฐานะกองทุน 66-06-04.pdf","2566",2023-06-04,-19900,-46376,-66276
"ฐานะกองทุน 66-06-11.pdf","2566",2023-06-11,-17127,-46249,-63376
"ฐานะกองทุน 66-06-18.pdf","2566",2023-06-18,-14077,-46112,-60189
"ฐานะกองทุน 66-06-25.pdf","2566",2023-06-25,-11909,-45975,-57884
"ฐานะกองทุน เบิกเงินกู้ GSB-l6.pdf","2566",2023-07-02,-9180,-45828,-55008
"ฐานะกองทุน 66-07-09.pdf","2566",2023-07-09,-6598,-45672,-52270
"ฐานะกองทุน 66-07-16.pdf","2566",2023-07-16,-4316,-45513,-49829
"ฐานะกองทุน 66-07-23.pdf","2566",2023-07-23,-3124,-45353,-48477
"ฐานะกองทุน 66-07-30_0.pdf","2566",2023-07-30,-3936,-45237,-49173
"ฐานะกองทุน 66-08-06.pdf","2566",2023-08-06,-5323,-45115,-50438
"ฐานะกองทุน 66-08-13.pdf","2566",2023-08-13,-6399,-44817,-51216
"ฐานะกองทุน 66-08-20.pdf","2566",2023-08-20,-8364,-44723,-53087
"ฐานะกองทุน 66-08-27.pdf","2566",2023-08-27,-10375,-44716,-55091
"ฐานะกองทุน 66-09-03.pdf","2566",2023-09-03,-12390,-44742,-57132
"ฐานะกองทุน 66-09-10.pdf","2566",2023-09-10,-14311,-44774,-59085
"ฐานะกองทุน 66-09-17.pdf","2566",2023-09-17,-16902,-44739,-61641
"ฐานะกองทุน 66-09-24.pdf","2566",2023-09-24,-19570,-44849,-64419
"ฐานะกองทุน 66-10-01.pdf","2566",2023-10-01,-20806,-44926,-65732
"ฐานะกองทุน 66-10-08.pdf","2566",2023-10-08,-23322,-45005,-68327
"ฐานะกองทุน 66-10-15.pdf","2566",2023-10-15,-25121,-45109,-70230
"ฐานะกองทุน ส่ง สนพ 66-10-22.pdf","2566",2023-10-22,-27082,-45141,-72223
"ฐานะกองทุน 66-10-29.pdf","2566",2023-10-29,-28938,-45354,-74292
"ฐานะกองทุน  66-11-05.pdf","2566",2023-11-05,-30185,-45440,-75625
"ฐานะกองทุน 66-11-12.pdf","2566",2023-11-12,-30843,-45525,-76368
"ฐานะกองทุน 66-11-19.pdf","2566",2023-11-19,-31445,-45711,-77156
"ฐานะกองทุน 66-11-26.pdf","2566",2023-11-26,-31891,-45826,-77717
"ฐานะกองทุน 66-12-03.pdf","2566",2023-12-03,-32482,-45934,-78416
"ฐานะกองทุน 66-12-10.pdf","2566",2023-12-10,-32708,-46052,-78760
"ฐานะกองทุน ส่ง สนพ 66-12-17.pdf","2566",2023-12-17,-32569,-46111,-78680
"ฐานะกองทุน 66-12-24.pdf","2566",2023-12-24,-32476,-46118,-78594
"ฐานะกองทุน 66-12-31.pdf","2566",2023-12-31,-32444,-46113,-78557
"ฐานะกองทุน 67-01-07.pdf","2567",2024-01-07,-33984,-46117,-80101
"ฐานะกองทุน  67-01-14.pdf","2567",2024-01-14,-35123,-46171,-81294
"ฐานะกองทุน 67-01-21.pdf","2567",2024-01-21,-36594,-46426,-83020
"ฐานะกองทุน 67-01-28.pdf","2567",2024-01-28,-37875,-46474,-84349
"ฐานะกองทุน 67-02-04.pdf","2567",2024-02-04,-39543,-46531,-86074
"ฐานะกองทุน 67-02-11.pdf","2567",2024-02-11,-41244,-46584,-87828
"ฐานะกองทุน 67-02-18.pdf","2567",2024-02-18,-43275,-46607,-89882
"ฐานะกองทุน 67-02-25.pdf","2567",2024-02-25,-45222,-46665,-91887
"ฐานะกองทุน 67-03-03.pdf","2567",2024-03-03,-46742,-46756,-93498
"ฐานะกองทุน 67-03-10.pdf","2567",2024-03-10,-48047,-46836,-94883
"ฐานะกองทุน 67-03-17.pdf","2567",2024-03-17,-49339,-46931,-96270
"ฐานะกองทุน  67-03-24.pdf","2567",2024-03-24,-51136,-47084,-98220
"ฐานะกองทุน  67-03-31.pdf","2567",2024-03-31,-52729,-47092,-99821
"ฐานะกองทุน 67-04-07.pdf","2567",2024-04-07,-54468,-47138,-101606
"ฐานะกองทุน 67-04-14.pdf","2567",2024-04-14,-56407,-47213,-103620
"ฐานะกองทุน  67-04-21.pdf","2567",2024-04-21,-58367,-47295,-105662
"ฐานะกองทุน 67-04-28 .pdf","2567",2024-04-28,-60145,-47455,-107600
"ฐานะกองทุน ส่ง สนพ 67-05-05.pdf","2567",2024-05-05,-61640,-47546,-109186
"ฐานะกองทุน 67-05-12 .pdf","2567",2024-05-12,-62719,-47577,-110296
"ฐานะกองทุน 67-05-19.pdf","2567",2024-05-19,-63230,-47624,-110854
"ฐานะกองทุน 67-05-26.pdf","2567",2024-05-26,-63655,-47690,-111345
"ฐานะกองทุน 67-06-02.pdf","2567",2024-06-02,-63774,-47693,-111467
"ฐานะกองทุน  67-06-09.pdf","2567",2024-06-09,-63403,-47627,-111030
"ฐานะกองทุน 67-06-16.pdf","2567",2024-06-16,-63096,-47615,-110711
"ฐานะกองทุน  67-06-23.pdf","2567",2024-06-23,-63121,-47622,-110743
"ฐานะกองทุน 67-06-30.pdf","2567",2024-06-30,-63641,-47697,-111338
"ฐานะกองทุน 67-07-07.pdf","2567",2024-07-07,-63944,-47651,-111595
"ฐานะกองทุน 67-07-14.pdf","2567",2024-07-14,-64252,-47603,-111855
"ฐานะกองทุน 67-07-21.pdf","2567",2024-07-21,-64200,-47599,-111799
"ฐานะกองทุน 67-07-28.pdf","2567",2024-07-28,-64066,-47597,-111663
"ฐานะกองทุน 67-08-04.pdf","2567",2024-08-04,-63737,-47586,-111323
"ฐานะกองทุน  67-08-11.pdf","2567",2024-08-11,-62932,-47591,-110523
"ฐานะกองทุน 67-08-18.pdf","2567",2024-08-18,-62063,-47588,-109651
"ฐานะกองทุน 67-08-25.pdf","2567",2024-08-25,-61003,-47556,-108559
"ฐานะกองทุน 67-09-01.pdf","2567",2024-09-01,-59359,-47484,-106843
"ฐานะกองทุน 67-09-08.pdf","2567",2024-09-08,-57646,-47475,-105121
"ฐานะกองทุน 67-09-15.pdf","2567",2024-09-15,-55892,-47455,-103347
"ฐานะกองทุน 67-09-22.pdf","2567",2024-09-22,-53875,-47468,-101343
"ฐานะกองทุน 67-09-29.pdf","2567",2024-09-29,-51643,-47444,-99087
"ฐานะกองทุน  67-10-06.pdf","2567",2024-10-06,-49378,-47440,-96818
"ฐานะกองทุน 67-10-13.pdf","2567",2024-10-13,-47885,-47448,-95333
"ฐานะกองทุน 67-10-20.pdf","2567",2024-10-20,-46134,-47468,-93602
"ฐานะกองทุน 67-10-27.pdf","2567",2024-10-27,-44564,-47477,-92041
"ฐานะกองทุน 67-11-03.pdf","2567",2024-11-03,-43125,-47484,-90609
"ฐานะกองทุน 67-11-10.pdf","2567",2024-11-10,-41605,-47470,-89075
"ฐานะกองทุน  67-11-17 .pdf","2567",2024-11-17,-40252,-47442,-87694
"ฐานะกองทุน 67-11-24_0.pdf","2567",2024-11-24,-38636,-47361,-85997
"ฐานะกองทุน 67-12-01.pdf","2567",2024-12-01,-36984,-47347,-84331
"ฐานะกองทุน ส่ง สนพ 67-12-08.pdf","2567",2024-12-08,-35263,-47234,-82497
"ฐานะกองทุน ส่ง สนพ 67-12-15.pdf","2567",2024-12-15,-33593,-47154,-80747
"ฐานะกองทุน ส่ง สนพ 67-12-22.pdf","2567",2024-12-22,-31924,-47046,-78970
"ฐานะกองทุน ส่ง สนพ 67-12-29_3.pdf","2567",2024-12-29,-30545,-46987,-77532
"ฐานะกองทุน ส่ง สนพ 68-01-05.pdf","2568",2025-01-05,-29009,-46936,-75945
"ฐานะกองทุน ส่ง สนพ 68-01-12.pdf","2568",2025-01-12,-27708,-46825,-74533
"ฐานะกองทุน ส่ง สนพ 68-01-19.pdf","2568",2025-01-19,-26876,-46669,-73545
"ฐานะกองทุน ส่ง สนพ 68-01-26.pdf","2568",2025-01-26,-26275,-46638,-72913
"ฐานะกองทุน ส่ง สนพ 68-02-02.pdf","2568",2025-02-02,-25024,-46492,-71516
"ฐานะกองทุน ส่ง สนพ 68-02-09.pdf","2568",2025-02-09,-23966,-46472,-70438
"ฐานะกองทุน ส่ง สนพ 68-02-16.pdf","2568",2025-02-16,-22933,-46400,-69333
"ฐานะกองทุน ส่ง สนพ 68-02-23.pdf","2568",2025-02-23,-21807,-46384,-68191
"ฐานะกองทุน ส่ง สนพ 68-03-02.pdf","2568",2025-03-02,-20155,-46264,-66419
"ฐานะกองทุน ส่ง สนพ 68-03-09.pdf","2568",2025-03-09,-18343,-46185,-64528
"ฐานะกองทุน ส่ง สนพ 68-03-16.pdf","2568",2025-03-16,-16276,-46120,-62396
"ฐานะกองทุน ส่ง สนพ 68-03-23.pdf","2568",2025-03-23,-14063,-45989,-60052
"สิ้นสุด ณ วันที่ 30 มีนาคม 2568.pdf","2568",2025-03-30,-12519,-45909,-58428
"ฐานะกองทุน ส่ง สนพ 68-04-06.pdf","2568",2025-04-06,-10855,-45797,-56652
"ฐานะกองทุน ส่ง สนพ 68-04-13.pdf","2568",2025-04-13,-9219,-45716,-54935
"ฐานะกองทุน ส่ง สนพ 68-04-20.pdf","2568",2025-04-20,-7020,-45493,-52513
"ฐานะกองทุน ส่ง สนพ 68-04-27-l.pdf","2568",2025-04-27,-4616,-45365,-49981
"ฐานะกองทุน ส่ง สนพ 68-05-04.pdf","2568",2025-05-04,-2540,-45239,-47779
"ฐานะกองทุน ส่ง สนพ 68-05-11.pdf","2568",2025-05-11,-372,-45112,-45484
"ฐานะกองทุน ส่ง สนพ 68-05-18.pdf","2568",2025-05-18,773,-45039,-44266
"ฐานะกองทุน ส่ง สนพ 68-05-25.pdf","2568",2025-05-25,2607,-44881,-42274
"ฐานะกองทุน ส่ง สนพ 68-06-01.pdf","2568",2025-06-01,4634,-44737,-40103
"ฐานะกองทุน ส่ง สนพ 68-06-08_0.pdf","2568",2025-06-08,6541,-44624,-38083
"ฐานะกองทุน ส่ง สนพ 68-06-15.pdf","2568",2025-06-15,8244,-44512,-36268
"ฐานะกองทุน ส่ง สนพ 68-06-22_0.pdf","2568",2025-06-22,8995,-44403,-35408
"ฐานะกองทุน ส่ง สนพ 68-06-29.pdf","2568",2025-06-29,9638,-44275,-34637
"ฐานะกองทุน ส่ง สนพ 68-07-06.pdf","2568",2025-07-06,11274,-44130,-32856
"ฐานะกองทุน ส่ง สนพ 68-07-13.pdf","2568",2025-07-13,12406,-43994,-31588
"ฐานะกองทุน ส่ง สนพ 68-07-20_0.pdf","2568",2025-07-20,13431,-43876,-30445
"ฐานะกองทุน ส่ง สนพ 68-07-27.pdf","2568",2025-07-27,14250,-43742,-29492
"ฐานะกองทุน ส่ง สนพ 68-08-03.pdf","2568",2025-08-03,15059,-43585,-28526
"ฐานะกองทุน ส่ง สนพ 68-08-10.pdf","2568",2025-08-10,16069,-43402,-27333
"ฐานะกองทุน ส่ง สนพ 68-08-17.pdf","2568",2025-08-17,17250,-43252,-26002
"ฐานะกองทุน ส่ง สนพ 68-08-24.pdf","2568",2025-08-24,18749,-43104,-24355
"ฐานะกองทุน ส่ง สนพ 68-08-31.pdf","2568",2025-08-31,19960,-42942,-22982
"ฐานะกองทุน ส่ง สนพ 68-09-07.pdf","2568",2025-09-07,20834,-42791,-21957
"ฐานะกองทุน ส่ง สนพ 68-09-14.pdf","2568",2025-09-14,21947,-42611,-20664
"ฐานะกองทุน ส่ง สนพ 68-09-21.pdf","2568",2025-09-21,23265,-42426,-19161
"ฐานะกองทุน ส่ง สนพ 68-09-28.pdf","2568",2025-09-28,24429,-42267,-17838
"ฐานะกองทุน ส่ง สนพ 68-10-05.pdf","2568",2025-10-05,25651,-42023,-16372
"ฐานะกองทุน ส่ง สนพ 68-10-12.pdf","2568",2025-10-12,26230,-41834,-15604
"ฐานะกองทุน ส่ง สนพ 68-10-19.pdf","2568",2025-10-19,26910,-41664,-14754
"ฐานะกองทุน ส่ง สนพ 68-10-26.pdf","2568",2025-10-26,27745,-41485,-13740
"ฐานะกองทุน ส่ง สนพ 68-11-02.pdf","2568",2025-11-02,27965,-41239,-13274
"ฐานะกองทุน ส่ง สนพ 68-11-09.pdf","2568",2025-11-09,28125,-41020,-12895
"ฐานะกองทุน ส่ง สนพ 68-11-16.pdf","2568",2025-11-16,27996,-40778,-12782
"ฐานะกองทุน ส่ง สนพ 68-11-23.pdf","2568",2025-11-23,27675,-40552,-12877
"ฐานะกองทุน ส่ง สนพ 68-11-30.pdf","2568",2025-11-30,28035,-40381,-12346
"ฐานะกองทุน ส่ง สนพ 68-12-07.pdf","2568",2025-12-07,28715,-40194,-11479
"ฐานะกองทุน ส่ง สนพ 68-12-14.pdf","2568",2025-12-14,29645,-39984,-10339
"ฐานะกองทุน ส่ง สนพ 68-12-21.pdf","2568",2025-12-21,31291,-39746,-8455
"ฐานะกองทุน ส่ง สนพ 68-12-28.pdf","2568",2025-12-28,32901,-39545,-6644
"ฐานะกองทุน ส่ง สนพ 69-01-04.pdf","2569",2026-01-04,34573,-39361,-4788
"ฐานะกองทุน ส่ง สนพ 69-01-11.pdf","2569",2026-01-11,36085,-39175,-3090
"ฐานะกองทุน ส่ง สนพ 69-01-18.pdf","2569",2026-01-18,37308,-38970,-1662
"ฐานะกองทุน ส่ง สนพ 69-01-25.pdf","2569",2026-01-25,38335,-38763,-428
"ฐานะกองทุน ส่ง สนพ 69-02-01.pdf","2569",2026-02-01,39046,-38541,505
"ฐานะกองทุน ส่ง สนพ 69-02-08.pdf","2569",2026-02-08,39592,-38366,1226
"ฐานะกองทุน ส่ง สนพ 69-02-15.pdf","2569",2026-02-15,39951,-38179,1772
"ฐานะกองทุน ส่ง สนพ 69-02-22.pdf","2569",2026-02-22,40374,-37989,2385
"ฐานะกองทุน ส่ง สนพ 69-03-01.pdf","2569",2026-03-01,40313,-37854,2459
"ฐานะกองทุน ส่ง สนพ 69-03-08.pdf","2569",2026-03-08,36949,-37735,-786
"ฐานะกองทุน ส่ง สนพ 69-03-15.pdf","2569",2026-03-15,25016,-37621,-12605
"ฐานะกองทุน ส่ง สนพ 69-03-22.pdf","2569",2026-03-22,9302,-37411,-28109
"ฐานะกองทุน ส่ง สนพ 69-03-29.pdf","2569",2026-03-29,-4833,-37315,-42148
"ฐานะกองทุน ส่ง สนพ 69-04-05.pdf","2569",2026-04-05,-15800,-37426,-53226
"ฐานะกองทุน ส่ง สนพ 69-05-10.pdf","2569",2026-05-10,-24787,-38492,-63279
"ฐานะกองทุน ส่ง สนพ 69-05-17.pdf","2569",2026-05-17,-25097,-38649,-63746
"ฐานะกองทุน ส่ง สนพ 69-05-24-ปป หนี้โรงกลั่น-o.pdf","2569",2026-05-24,-19525,-38398,-57923
"ฐานะกองทุน ส่ง สนพ 69-05-31-ปป หนี้โรงกลั่น -oo.pdf","2569",2026-05-31,-19559,-38566,-58125
"ฐานะกองทุน ส่ง สนพ 69-06-07-ปป หนี้โรงกลั่น -oo.pdf","2569",2026-06-07,-19812,-38721,-58533
"ฐานะกองทุน ส่ง สนพ 69-06-14-ปป หนี้โรงกลั่น -oo.pdf","2569",2026-06-14,-19647,-38851,-58498
"ฐานะกองทุน ส่ง สนพ 69-06-21_2.pdf","2569",2026-06-21,-18904,-39029,-57933
"ฐานะกองทุน ส่ง สนพ 69-06-28.pdf","2569",2026-06-28,-18433,-39222,-57655
